"","V1","V2"
"V1","0","1"
"V2","0.001000","1.000196"
"V3","0.002000","1.000386"
"V4","0.003000","1.000569"
"V5","0.004000","1.000744"
"V6","0.005000","1.000913"
"V7","0.006000","1.001076"
"V8","0.007000","1.001231"
"V9","0.008000","1.001381"
"V10","0.009000","1.001523"
"V11","0.01000","1.00166"
"V12","0.01100","1.00179"
"V13","0.012000","1.001914"
"V14","0.013000","1.002033"
"V15","0.014000","1.002146"
"V16","0.015000","1.002253"
"V17","0.016000","1.002356"
"V18","0.017000","1.002453"
"V19","0.018000","1.002546"
"V20","0.019000","1.002634"
"V21","0.020000","1.002718"
"V22","0.021000","1.002798"
"V23","0.022000","1.002875"
"V24","0.023000","1.002948"
"V25","0.024000","1.003018"
"V26","0.025000","1.003086"
"V27","0.026000","1.003152"
"V28","0.027000","1.003215"
"V29","0.028000","1.003277"
"V30","0.029000","1.003338"
"V31","0.030000","1.003398"
"V32","0.031000","1.003457"
"V33","0.032000","1.003517"
"V34","0.033000","1.003577"
"V35","0.034000","1.003639"
"V36","0.035000","1.003701"
"V37","0.036000","1.003765"
"V38","0.037000","1.003832"
"V39","0.038000","1.003901"
"V40","0.039000","1.003973"
"V41","0.040000","1.004049"
"V42","0.041000","1.004129"
"V43","0.042000","1.004213"
"V44","0.043000","1.004303"
"V45","0.044000","1.004398"
"V46","0.045000","1.004499"
"V47","0.046000","1.004607"
"V48","0.047000","1.004722"
"V49","0.048000","1.004845"
"V50","0.049000","1.004975"
"V51","0.050000","1.005115"
"V52","0.051000","1.005263"
"V53","0.052000","1.005422"
"V54","0.05300","1.00559"
"V55","0.054000","1.005769"
"V56","0.05500","1.00596"
"V57","0.056000","1.006162"
"V58","0.057000","1.006376"
"V59","0.058000","1.006604"
"V60","0.059000","1.006844"
"V61","0.060000","1.007098"
"V62","0.061000","1.007367"
"V63","0.06200","1.00765"
"V64","0.063000","1.007948"
"V65","0.064000","1.008263"
"V66","0.065000","1.008593"
"V67","0.06600","1.00894"
"V68","0.067000","1.009304"
"V69","0.068000","1.009685"
"V70","0.069000","1.010085"
"V71","0.070000","1.010503"
"V72","0.07100","1.01094"
"V73","0.072000","1.011396"
"V74","0.073000","1.011872"
"V75","0.074000","1.012367"
"V76","0.075000","1.012884"
"V77","0.076000","1.013421"
"V78","0.077000","1.013979"
"V79","0.078000","1.014559"
"V80","0.079000","1.015161"
"V81","0.080000","1.015785"
"V82","0.081000","1.016431"
"V83","0.0820","1.0171"
"V84","0.083000","1.017793"
"V85","0.084000","1.018508"
"V86","0.085000","1.019247"
"V87","0.08600","1.02001"
"V88","0.087000","1.020796"
"V89","0.088000","1.021607"
"V90","0.089000","1.022442"
"V91","0.090000","1.023301"
"V92","0.091000","1.024184"
"V93","0.092000","1.025093"
"V94","0.093000","1.026026"
"V95","0.094000","1.026984"
"V96","0.095000","1.027966"
"V97","0.096000","1.028974"
"V98","0.097000","1.030006"
"V99","0.098000","1.031064"
"V100","0.099000","1.032146"
"V101","0.100000","1.033253"
"V102","0.101000","1.034385"
"V103","0.102000","1.035542"
"V104","0.103000","1.036723"
"V105","0.104000","1.037929"
"V106","0.105000","1.039158"
"V107","0.106000","1.040413"
"V108","0.10700","1.04169"
"V109","0.108000","1.042992"
"V110","0.109000","1.044317"
"V111","0.110000","1.045666"
"V112","0.111000","1.047037"
"V113","0.112000","1.048431"
"V114","0.113000","1.049847"
"V115","0.114000","1.051285"
"V116","0.115000","1.052745"
"V117","0.116000","1.054226"
"V118","0.117000","1.055728"
"V119","0.118000","1.057251"
"V120","0.119000","1.058794"
"V121","0.120000","1.060356"
"V122","0.121000","1.061937"
"V123","0.122000","1.063537"
"V124","0.123000","1.065155"
"V125","0.124000","1.066791"
"V126","0.125000","1.068444"
"V127","0.126000","1.070113"
"V128","0.127000","1.071799"
"V129","0.128000","1.073499"
"V130","0.129000","1.075214"
"V131","0.130000","1.076944"
"V132","0.131000","1.078686"
"V133","0.132000","1.080442"
"V134","0.13300","1.08221"
"V135","0.134000","1.083989"
"V136","0.135000","1.085779"
"V137","0.136000","1.087579"
"V138","0.137000","1.089389"
"V139","0.138000","1.091207"
"V140","0.139000","1.093032"
"V141","0.140000","1.094865"
"V142","0.141000","1.096703"
"V143","0.142000","1.098548"
"V144","0.143000","1.100396"
"V145","0.144000","1.102249"
"V146","0.145000","1.104105"
"V147","0.146000","1.105963"
"V148","0.147000","1.107822"
"V149","0.148000","1.109682"
"V150","0.149000","1.111542"
"V151","0.150000","1.113401"
"V152","0.151000","1.115258"
"V153","0.152000","1.117113"
"V154","0.153000","1.118964"
"V155","0.154000","1.120811"
"V156","0.155000","1.122652"
"V157","0.156000","1.124488"
"V158","0.157000","1.126318"
"V159","0.158000","1.128139"
"V160","0.159000","1.129952"
"V161","0.160000","1.131756"
"V162","0.16100","1.13355"
"V163","0.162000","1.135333"
"V164","0.163000","1.137104"
"V165","0.164000","1.138863"
"V166","0.165000","1.140608"
"V167","0.166000","1.142338"
"V168","0.167000","1.144053"
"V169","0.168000","1.145753"
"V170","0.169000","1.147435"
"V171","0.170000","1.149101"
"V172","0.171000","1.150748"
"V173","0.172000","1.152376"
"V174","0.173000","1.153984"
"V175","0.174000","1.155572"
"V176","0.175000","1.157138"
"V177","0.176000","1.158683"
"V178","0.177000","1.160205"
"V179","0.178000","1.161703"
"V180","0.179000","1.163177"
"V181","0.180000","1.164626"
"V182","0.18100","1.16605"
"V183","0.182000","1.167448"
"V184","0.183000","1.168819"
"V185","0.184000","1.170163"
"V186","0.185000","1.171479"
"V187","0.186000","1.172766"
"V188","0.187000","1.174025"
"V189","0.188000","1.175254"
"V190","0.189000","1.176453"
"V191","0.190000","1.177622"
"V192","0.191000","1.178759"
"V193","0.192000","1.179865"
"V194","0.193000","1.180939"
"V195","0.194000","1.181981"
"V196","0.19500","1.18299"
"V197","0.196000","1.183966"
"V198","0.197000","1.184908"
"V199","0.198000","1.185816"
"V200","0.19900","1.18669"
"V201","0.20000","1.18753"
"V202","0.201000","1.188334"
"V203","0.202000","1.189103"
"V204","0.203000","1.189837"
"V205","0.204000","1.190535"
"V206","0.205000","1.191197"
"V207","0.206000","1.191823"
"V208","0.207000","1.192413"
"V209","0.208000","1.192966"
"V210","0.209000","1.193483"
"V211","0.210000","1.193963"
"V212","0.211000","1.194407"
"V213","0.212000","1.194814"
"V214","0.213000","1.195185"
"V215","0.214000","1.195518"
"V216","0.215000","1.195815"
"V217","0.216000","1.196075"
"V218","0.217000","1.196299"
"V219","0.218000","1.196486"
"V220","0.219000","1.196636"
"V221","0.22000","1.19675"
"V222","0.221000","1.196828"
"V223","0.222000","1.196869"
"V224","0.223000","1.196875"
"V225","0.224000","1.196845"
"V226","0.225000","1.196779"
"V227","0.226000","1.196678"
"V228","0.227000","1.196542"
"V229","0.228000","1.196371"
"V230","0.229000","1.196166"
"V231","0.230000","1.195926"
"V232","0.231000","1.195653"
"V233","0.232000","1.195346"
"V234","0.233000","1.195006"
"V235","0.234000","1.194633"
"V236","0.235000","1.194228"
"V237","0.236000","1.193791"
"V238","0.237000","1.193322"
"V239","0.238000","1.192822"
"V240","0.239000","1.192292"
"V241","0.240000","1.191733"
"V242","0.241000","1.191143"
"V243","0.242000","1.190525"
"V244","0.243000","1.189877"
"V245","0.244000","1.189202"
"V246","0.245000","1.188499"
"V247","0.24600","1.18777"
"V248","0.247000","1.187014"
"V249","0.248000","1.186233"
"V250","0.249000","1.185427"
"V251","0.250000","1.184596"
"V252","0.251000","1.183742"
"V253","0.252000","1.182865"
"V254","0.253000","1.181966"
"V255","0.254000","1.181045"
"V256","0.255000","1.180102"
"V257","0.25600","1.17914"
"V258","0.257000","1.178158"
"V259","0.258000","1.177157"
"V260","0.259000","1.176137"
"V261","0.260000","1.175101"
"V262","0.261000","1.174047"
"V263","0.262000","1.172977"
"V264","0.263000","1.171891"
"V265","0.264000","1.170791"
"V266","0.265000","1.169676"
"V267","0.266000","1.168548"
"V268","0.267000","1.167408"
"V269","0.268000","1.166255"
"V270","0.269000","1.165092"
"V271","0.270000","1.163918"
"V272","0.271000","1.162734"
"V273","0.272000","1.161541"
"V274","0.27300","1.16034"
"V275","0.274000","1.159132"
"V276","0.275000","1.157917"
"V277","0.276000","1.156696"
"V278","0.27700","1.15547"
"V279","0.278000","1.154239"
"V280","0.279000","1.153005"
"V281","0.280000","1.151768"
"V282","0.281000","1.150529"
"V283","0.282000","1.149288"
"V284","0.283000","1.148046"
"V285","0.284000","1.146804"
"V286","0.285000","1.145563"
"V287","0.286000","1.144322"
"V288","0.287000","1.143084"
"V289","0.288000","1.141848"
"V290","0.289000","1.140616"
"V291","0.290000","1.139387"
"V292","0.291000","1.138164"
"V293","0.292000","1.136945"
"V294","0.293000","1.135732"
"V295","0.294000","1.134526"
"V296","0.295000","1.133327"
"V297","0.296000","1.132135"
"V298","0.297000","1.130952"
"V299","0.298000","1.129777"
"V300","0.299000","1.128612"
"V301","0.300000","1.127457"
"V302","0.301000","1.126312"
"V303","0.302000","1.125178"
"V304","0.303000","1.124055"
"V305","0.304000","1.122944"
"V306","0.305000","1.121845"
"V307","0.306000","1.120759"
"V308","0.307000","1.119686"
"V309","0.308000","1.118627"
"V310","0.309000","1.117581"
"V311","0.310000","1.116551"
"V312","0.311000","1.115534"
"V313","0.312000","1.114533"
"V314","0.313000","1.113548"
"V315","0.314000","1.112578"
"V316","0.315000","1.111625"
"V317","0.316000","1.110687"
"V318","0.317000","1.109767"
"V319","0.318000","1.108864"
"V320","0.319000","1.107978"
"V321","0.32000","1.10711"
"V322","0.321000","1.106259"
"V323","0.322000","1.105427"
"V324","0.323000","1.104613"
"V325","0.324000","1.103817"
"V326","0.325000","1.103039"
"V327","0.32600","1.10228"
"V328","0.32700","1.10154"
"V329","0.328000","1.100819"
"V330","0.329000","1.100116"
"V331","0.330000","1.099433"
"V332","0.331000","1.098768"
"V333","0.332000","1.098122"
"V334","0.333000","1.097495"
"V335","0.334000","1.096887"
"V336","0.335000","1.096298"
"V337","0.336000","1.095728"
"V338","0.337000","1.095177"
"V339","0.338000","1.094645"
"V340","0.339000","1.094131"
"V341","0.340000","1.093637"
"V342","0.341000","1.093161"
"V343","0.342000","1.092703"
"V344","0.343000","1.092264"
"V345","0.344000","1.091843"
"V346","0.34500","1.09144"
"V347","0.346000","1.091055"
"V348","0.347000","1.090688"
"V349","0.348000","1.090339"
"V350","0.349000","1.090007"
"V351","0.350000","1.089693"
"V352","0.351000","1.089395"
"V353","0.352000","1.089114"
"V354","0.35300","1.08885"
"V355","0.354000","1.088602"
"V356","0.35500","1.08837"
"V357","0.356000","1.088154"
"V358","0.357000","1.087954"
"V359","0.358000","1.087768"
"V360","0.359000","1.087597"
"V361","0.360000","1.087441"
"V362","0.361000","1.087299"
"V363","0.36200","1.08717"
"V364","0.363000","1.087055"
"V365","0.364000","1.086953"
"V366","0.365000","1.086865"
"V367","0.366000","1.086788"
"V368","0.367000","1.086724"
"V369","0.368000","1.086672"
"V370","0.369000","1.086631"
"V371","0.370000","1.086601"
"V372","0.371000","1.086582"
"V373","0.372000","1.086574"
"V374","0.373000","1.086575"
"V375","0.374000","1.086586"
"V376","0.375000","1.086606"
"V377","0.376000","1.086634"
"V378","0.377000","1.086671"
"V379","0.378000","1.086716"
"V380","0.379000","1.086769"
"V381","0.380000","1.086829"
"V382","0.381000","1.086896"
"V383","0.38200","1.08697"
"V384","0.383000","1.087049"
"V385","0.384000","1.087135"
"V386","0.385000","1.087226"
"V387","0.386000","1.087322"
"V388","0.387000","1.087423"
"V389","0.388000","1.087529"
"V390","0.389000","1.087638"
"V391","0.390000","1.087752"
"V392","0.391000","1.087868"
"V393","0.392000","1.087988"
"V394","0.39300","1.08811"
"V395","0.394000","1.088235"
"V396","0.395000","1.088362"
"V397","0.39600","1.08849"
"V398","0.39700","1.08862"
"V399","0.398000","1.088751"
"V400","0.399000","1.088883"
"V401","0.400000","1.089015"
"V402","0.401000","1.089147"
"V403","0.402000","1.089279"
"V404","0.40300","1.08941"
"V405","0.404000","1.089541"
"V406","0.40500","1.08967"
"V407","0.406000","1.089798"
"V408","0.407000","1.089924"
"V409","0.408000","1.090049"
"V410","0.409000","1.090171"
"V411","0.410000","1.090291"
"V412","0.411000","1.090409"
"V413","0.412000","1.090523"
"V414","0.413000","1.090635"
"V415","0.414000","1.090743"
"V416","0.415000","1.090848"
"V417","0.41600","1.09095"
"V418","0.417000","1.091047"
"V419","0.418000","1.091141"
"V420","0.41900","1.09123"
"V421","0.420000","1.091315"
"V422","0.421000","1.091396"
"V423","0.422000","1.091472"
"V424","0.423000","1.091543"
"V425","0.424000","1.091609"
"V426","0.42500","1.09167"
"V427","0.426000","1.091726"
"V428","0.427000","1.091776"
"V429","0.428000","1.091822"
"V430","0.429000","1.091861"
"V431","0.430000","1.091895"
"V432","0.431000","1.091923"
"V433","0.432000","1.091946"
"V434","0.433000","1.091962"
"V435","0.434000","1.091973"
"V436","0.435000","1.091977"
"V437","0.436000","1.091976"
"V438","0.437000","1.091968"
"V439","0.438000","1.091954"
"V440","0.439000","1.091934"
"V441","0.440000","1.091908"
"V442","0.441000","1.091875"
"V443","0.442000","1.091837"
"V444","0.443000","1.091791"
"V445","0.44400","1.09174"
"V446","0.445000","1.091682"
"V447","0.446000","1.091618"
"V448","0.447000","1.091548"
"V449","0.448000","1.091471"
"V450","0.449000","1.091389"
"V451","0.4500","1.0913"
"V452","0.451000","1.091204"
"V453","0.452000","1.091102"
"V454","0.453000","1.090995"
"V455","0.45400","1.09088"
"V456","0.45500","1.09076"
"V457","0.456000","1.090634"
"V458","0.457000","1.090501"
"V459","0.458000","1.090363"
"V460","0.459000","1.090219"
"V461","0.460000","1.090069"
"V462","0.461000","1.089913"
"V463","0.462000","1.089751"
"V464","0.463000","1.089583"
"V465","0.46400","1.08941"
"V466","0.465000","1.089231"
"V467","0.466000","1.089046"
"V468","0.467000","1.088856"
"V469","0.46800","1.08866"
"V470","0.469000","1.088459"
"V471","0.470000","1.088253"
"V472","0.47100","1.08804"
"V473","0.472000","1.087823"
"V474","0.4730","1.0876"
"V475","0.474000","1.087372"
"V476","0.475000","1.087139"
"V477","0.476000","1.086901"
"V478","0.477000","1.086657"
"V479","0.478000","1.086408"
"V480","0.479000","1.086155"
"V481","0.480000","1.085896"
"V482","0.481000","1.085632"
"V483","0.482000","1.085363"
"V484","0.48300","1.08509"
"V485","0.484000","1.084811"
"V486","0.485000","1.084528"
"V487","0.48600","1.08424"
"V488","0.487000","1.083947"
"V489","0.488000","1.083649"
"V490","0.489000","1.083347"
"V491","0.49000","1.08304"
"V492","0.491000","1.082729"
"V493","0.492000","1.082412"
"V494","0.493000","1.082092"
"V495","0.494000","1.081766"
"V496","0.495000","1.081436"
"V497","0.496000","1.081102"
"V498","0.497000","1.080762"
"V499","0.498000","1.080418"
"V500","0.49900","1.08007"
"V501","0.500000","1.079716"
"V502","0.501000","1.079358"
"V503","0.502000","1.078995"
"V504","0.503000","1.078628"
"V505","0.504000","1.078255"
"V506","0.505000","1.077878"
"V507","0.506000","1.077496"
"V508","0.507000","1.077109"
"V509","0.508000","1.076717"
"V510","0.50900","1.07632"
"V511","0.510000","1.075918"
"V512","0.511000","1.075511"
"V513","0.512000","1.075099"
"V514","0.513000","1.074682"
"V515","0.514000","1.074259"
"V516","0.515000","1.073831"
"V517","0.516000","1.073397"
"V518","0.517000","1.072958"
"V519","0.518000","1.072513"
"V520","0.519000","1.072063"
"V521","0.520000","1.071607"
"V522","0.521000","1.071145"
"V523","0.522000","1.070677"
"V524","0.523000","1.070203"
"V525","0.524000","1.069723"
"V526","0.525000","1.069237"
"V527","0.526000","1.068744"
"V528","0.527000","1.068245"
"V529","0.528000","1.067739"
"V530","0.529000","1.067227"
"V531","0.530000","1.066707"
"V532","0.531000","1.066181"
"V533","0.532000","1.065648"
"V534","0.533000","1.065108"
"V535","0.53400","1.06456"
"V536","0.535000","1.064005"
"V537","0.536000","1.063442"
"V538","0.537000","1.062872"
"V539","0.538000","1.062295"
"V540","0.539000","1.061709"
"V541","0.540000","1.061115"
"V542","0.541000","1.060513"
"V543","0.542000","1.059903"
"V544","0.543000","1.059285"
"V545","0.544000","1.058657"
"V546","0.545000","1.058022"
"V547","0.546000","1.057377"
"V548","0.547000","1.056723"
"V549","0.54800","1.05606"
"V550","0.549000","1.055388"
"V551","0.550000","1.054706"
"V552","0.551000","1.054015"
"V553","0.552000","1.053315"
"V554","0.553000","1.052604"
"V555","0.554000","1.051884"
"V556","0.555000","1.051154"
"V557","0.556000","1.050414"
"V558","0.557000","1.049664"
"V559","0.558000","1.048904"
"V560","0.559000","1.048134"
"V561","0.560000","1.047353"
"V562","0.561000","1.046562"
"V563","0.56200","1.04576"
"V564","0.563000","1.044948"
"V565","0.564000","1.044125"
"V566","0.565000","1.043292"
"V567","0.566000","1.042448"
"V568","0.567000","1.041593"
"V569","0.568000","1.040727"
"V570","0.569000","1.039851"
"V571","0.570000","1.038963"
"V572","0.571000","1.038065"
"V573","0.572000","1.037156"
"V574","0.573000","1.036235"
"V575","0.574000","1.035304"
"V576","0.575000","1.034362"
"V577","0.576000","1.033408"
"V578","0.577000","1.032444"
"V579","0.578000","1.031469"
"V580","0.579000","1.030482"
"V581","0.580000","1.029484"
"V582","0.581000","1.028476"
"V583","0.582000","1.027456"
"V584","0.583000","1.026426"
"V585","0.584000","1.025386"
"V586","0.585000","1.024334"
"V587","0.586000","1.023272"
"V588","0.5870","1.0222"
"V589","0.588000","1.021117"
"V590","0.589000","1.020024"
"V591","0.590000","1.018921"
"V592","0.591000","1.017808"
"V593","0.592000","1.016685"
"V594","0.593000","1.015552"
"V595","0.59400","1.01441"
"V596","0.595000","1.013259"
"V597","0.596000","1.012098"
"V598","0.597000","1.010928"
"V599","0.59800","1.00975"
"V600","0.599000","1.008563"
"V601","0.600000","1.007368"
"V602","0.601000","1.006164"
"V603","0.602000","1.004953"
"V604","0.603000","1.003734"
"V605","0.604000","1.002508"
"V606","0.605000","1.001274"
"V607","0.606000","1.000034"
"V608","0.6070000","0.9987867"
"V609","0.6080000","0.9975334"
"V610","0.6090000","0.9962741"
"V611","0.6100000","0.9950091"
"V612","0.6110000","0.9937387"
"V613","0.6120000","0.9924633"
"V614","0.6130000","0.9911831"
"V615","0.6140000","0.9898985"
"V616","0.61500","0.98861"
"V617","0.6160000","0.9873177"
"V618","0.6170000","0.9860221"
"V619","0.6180000","0.9847236"
"V620","0.6190000","0.9834226"
"V621","0.6200000","0.9821194"
"V622","0.6210000","0.9808144"
"V623","0.6220000","0.9795081"
"V624","0.6230000","0.9782009"
"V625","0.6240000","0.9768928"
"V626","0.6250000","0.9755844"
"V627","0.6260000","0.9742761"
"V628","0.6270000","0.9729684"
"V629","0.6280000","0.9716618"
"V630","0.6290000","0.9703567"
"V631","0.6300000","0.9690536"
"V632","0.631000","0.967753"
"V633","0.6320000","0.9664554"
"V634","0.6330000","0.9651612"
"V635","0.6340000","0.9638709"
"V636","0.6350000","0.9625849"
"V637","0.6360000","0.9613037"
"V638","0.6370000","0.9600278"
"V639","0.6380000","0.9587575"
"V640","0.6390000","0.9574934"
"V641","0.6400000","0.9562359"
"V642","0.6410000","0.9549854"
"V643","0.6420000","0.9537424"
"V644","0.6430000","0.9525072"
"V645","0.6440000","0.9512804"
"V646","0.6450000","0.9500623"
"V647","0.6460000","0.9488534"
"V648","0.6470000","0.9476541"
"V649","0.6480000","0.9464648"
"V650","0.649000","0.945286"
"V651","0.6500000","0.9441179"
"V652","0.6510000","0.9429612"
"V653","0.652000","0.941816"
"V654","0.6530000","0.9406829"
"V655","0.6540000","0.9395623"
"V656","0.6550000","0.9384545"
"V657","0.65600","0.93736"
"V658","0.6570000","0.9362791"
"V659","0.6580000","0.9352122"
"V660","0.6590000","0.9341597"
"V661","0.6600000","0.9331219"
"V662","0.6610000","0.9320993"
"V663","0.6620000","0.9310923"
"V664","0.6630000","0.9301011"
"V665","0.6640000","0.9291262"
"V666","0.665000","0.928168"
"V667","0.6660000","0.9272267"
"V668","0.6670000","0.9263027"
"V669","0.6680000","0.9253965"
"V670","0.6690000","0.9245082"
"V671","0.670000","0.923638"
"V672","0.671000","0.922786"
"V673","0.6720000","0.9219526"
"V674","0.6730000","0.9211379"
"V675","0.6740000","0.9203423"
"V676","0.6750000","0.9195659"
"V677","0.6760000","0.9188089"
"V678","0.6770000","0.9180715"
"V679","0.6780000","0.9173539"
"V680","0.6790000","0.9166563"
"V681","0.6800000","0.9159787"
"V682","0.6810000","0.9153214"
"V683","0.6820000","0.9146843"
"V684","0.6830000","0.9140678"
"V685","0.6840000","0.9134717"
"V686","0.6850000","0.9128962"
"V687","0.6860000","0.9123414"
"V688","0.6870000","0.9118073"
"V689","0.6880000","0.9112938"
"V690","0.6890000","0.9108011"
"V691","0.6900000","0.9103291"
"V692","0.6910000","0.9098778"
"V693","0.6920000","0.9094472"
"V694","0.6930000","0.9090373"
"V695","0.6940000","0.9086479"
"V696","0.695000","0.908279"
"V697","0.6960000","0.9079305"
"V698","0.6970000","0.9076023"
"V699","0.6980000","0.9072944"
"V700","0.6990000","0.9070065"
"V701","0.7000000","0.9067385"
"V702","0.7010000","0.9064903"
"V703","0.7020000","0.9062617"
"V704","0.7030000","0.9060525"
"V705","0.7040000","0.9058626"
"V706","0.7050000","0.9056916"
"V707","0.7060000","0.9055395"
"V708","0.7070000","0.9054059"
"V709","0.7080000","0.9052905"
"V710","0.7090000","0.9051932"
"V711","0.7100000","0.9051137"
"V712","0.7110000","0.9050516"
"V713","0.7120000","0.9050067"
"V714","0.713000","0.904979"
"V715","0.7140000","0.9049679"
"V716","0.7150000","0.9049733"
"V717","0.7160000","0.9049945"
"V718","0.7170000","0.9050313"
"V719","0.7180000","0.9050832"
"V720","0.7190000","0.9051498"
"V721","0.7200000","0.9052307"
"V722","0.7210000","0.9053254"
"V723","0.7220000","0.9054336"
"V724","0.7230000","0.9055549"
"V725","0.7240000","0.9056886"
"V726","0.7250000","0.9058346"
"V727","0.7260000","0.9059922"
"V728","0.7270000","0.9061611"
"V729","0.7280000","0.9063408"
"V730","0.7290000","0.9065309"
"V731","0.7300000","0.9067309"
"V732","0.7310000","0.9069403"
"V733","0.7320000","0.9071587"
"V734","0.7330000","0.9073856"
"V735","0.7340000","0.9076206"
"V736","0.7350000","0.9078632"
"V737","0.7360000","0.9081129"
"V738","0.7370000","0.9083692"
"V739","0.7380000","0.9086317"
"V740","0.7390000","0.9088999"
"V741","0.7400000","0.9091732"
"V742","0.7410000","0.9094512"
"V743","0.7420000","0.9097335"
"V744","0.7430000","0.9100194"
"V745","0.7440000","0.9103085"
"V746","0.7450000","0.9106003"
"V747","0.7460000","0.9108943"
"V748","0.74700","0.91119"
"V749","0.7480000","0.9114869"
"V750","0.7490000","0.9117845"
"V751","0.7500000","0.9120821"
"V752","0.7510000","0.9123795"
"V753","0.7520000","0.9126759"
"V754","0.7530000","0.9129709"
"V755","0.7540000","0.9132639"
"V756","0.7550000","0.9135545"
"V757","0.756000","0.913842"
"V758","0.757000","0.914126"
"V759","0.758000","0.914406"
"V760","0.7590000","0.9146814"
"V761","0.7600000","0.9149522"
"V762","0.7610000","0.9152179"
"V763","0.762000","0.915478"
"V764","0.763000","0.915732"
"V765","0.7640000","0.9159795"
"V766","0.76500","0.91622"
"V767","0.7660000","0.9164531"
"V768","0.7670000","0.9166784"
"V769","0.7680000","0.9168955"
"V770","0.769000","0.917104"
"V771","0.7700000","0.9173035"
"V772","0.7710000","0.9174937"
"V773","0.7720000","0.9176741"
"V774","0.7730000","0.9178446"
"V775","0.7740000","0.9180047"
"V776","0.7750000","0.9181543"
"V777","0.7760000","0.9182928"
"V778","0.7770000","0.9184202"
"V779","0.7780000","0.9185362"
"V780","0.7790000","0.9186404"
"V781","0.7800000","0.9187327"
"V782","0.7810000","0.9188128"
"V783","0.7820000","0.9188806"
"V784","0.7830000","0.9189358"
"V785","0.7840000","0.9189783"
"V786","0.7850000","0.9190079"
"V787","0.7860000","0.9190245"
"V788","0.7870000","0.9190279"
"V789","0.7880000","0.9190179"
"V790","0.7890000","0.9189946"
"V791","0.7900000","0.9189578"
"V792","0.7910000","0.9189074"
"V793","0.7920000","0.9188433"
"V794","0.7930000","0.9187655"
"V795","0.794000","0.918674"
"V796","0.7950000","0.9185687"
"V797","0.7960000","0.9184496"
"V798","0.7970000","0.9183166"
"V799","0.79800","0.91817"
"V800","0.7990000","0.9180095"
"V801","0.8000000","0.9178354"
"V802","0.8010000","0.9176475"
"V803","0.802000","0.917446"
"V804","0.8030000","0.9172311"
"V805","0.8040000","0.9170028"
"V806","0.8050000","0.9167613"
"V807","0.8060000","0.9165069"
"V808","0.8070000","0.9162398"
"V809","0.8080000","0.9159601"
"V810","0.8090000","0.9156682"
"V811","0.8100000","0.9153642"
"V812","0.8110000","0.9150484"
"V813","0.8120000","0.9147211"
"V814","0.8130000","0.9143826"
"V815","0.8140000","0.9140331"
"V816","0.815000","0.913673"
"V817","0.8160000","0.9133026"
"V818","0.8170000","0.9129222"
"V819","0.8180000","0.9125322"
"V820","0.8190000","0.9121329"
"V821","0.8200000","0.9117246"
"V822","0.8210000","0.9113077"
"V823","0.8220000","0.9108827"
"V824","0.8230000","0.9104499"
"V825","0.8240000","0.9100098"
"V826","0.8250000","0.9095627"
"V827","0.826000","0.909109"
"V828","0.8270000","0.9086493"
"V829","0.828000","0.908184"
"V830","0.8290000","0.9077135"
"V831","0.8300000","0.9072383"
"V832","0.8310000","0.9067589"
"V833","0.8320000","0.9062758"
"V834","0.8330000","0.9057894"
"V835","0.8340000","0.9053004"
"V836","0.8350000","0.9048092"
"V837","0.8360000","0.9043164"
"V838","0.8370000","0.9038225"
"V839","0.838000","0.903328"
"V840","0.8390000","0.9028336"
"V841","0.8400000","0.9023398"
"V842","0.8410000","0.9018471"
"V843","0.8420000","0.9013563"
"V844","0.8430000","0.9008678"
"V845","0.8440000","0.9003824"
"V846","0.8450000","0.8999005"
"V847","0.8460000","0.8994229"
"V848","0.8470000","0.8989502"
"V849","0.8480000","0.8984831"
"V850","0.8490000","0.8980219"
"V851","0.850000","0.897567"
"V852","0.851000","0.897119"
"V853","0.8520000","0.8966785"
"V854","0.8530000","0.8962462"
"V855","0.8540000","0.8958227"
"V856","0.8550000","0.8954086"
"V857","0.8560000","0.8950044"
"V858","0.8570000","0.8946109"
"V859","0.8580000","0.8942286"
"V860","0.8590000","0.8938579"
"V861","0.8600000","0.8934996"
"V862","0.861000","0.893154"
"V863","0.8620000","0.8928219"
"V864","0.8630000","0.8925036"
"V865","0.8640000","0.8921996"
"V866","0.8650000","0.8919106"
"V867","0.8660000","0.8916369"
"V868","0.867000","0.891379"
"V869","0.8680000","0.8911374"
"V870","0.8690000","0.8909126"
"V871","0.870000","0.890705"
"V872","0.8710000","0.8905149"
"V873","0.8720000","0.8903429"
"V874","0.8730000","0.8901893"
"V875","0.8740000","0.8900546"
"V876","0.875000","0.889939"
"V877","0.8760000","0.8898431"
"V878","0.877000","0.889767"
"V879","0.8780000","0.8897113"
"V880","0.8790000","0.8896761"
"V881","0.8800000","0.8896619"
"V882","0.8810000","0.8896689"
"V883","0.8820000","0.8896975"
"V884","0.883000","0.889748"
"V885","0.8840000","0.8898205"
"V886","0.8850000","0.8899154"
"V887","0.886000","0.890033"
"V888","0.8870000","0.8901734"
"V889","0.8880000","0.8903369"
"V890","0.8890000","0.8905237"
"V891","0.8900000","0.8907341"
"V892","0.8910000","0.8909681"
"V893","0.892000","0.891226"
"V894","0.8930000","0.8915076"
"V895","0.8940000","0.8918132"
"V896","0.8950000","0.8921428"
"V897","0.8960000","0.8924964"
"V898","0.897000","0.892874"
"V899","0.8980000","0.8932755"
"V900","0.8990000","0.8937011"
"V901","0.9000000","0.8941507"
"V902","0.9010000","0.8946242"
"V903","0.9020000","0.8951215"
"V904","0.9030000","0.8956426"
"V905","0.9040000","0.8961875"
"V906","0.9050000","0.8967559"
"V907","0.9060000","0.8973477"
"V908","0.9070000","0.8979629"
"V909","0.9080000","0.8986013"
"V910","0.9090000","0.8992627"
"V911","0.9100000","0.8999469"
"V912","0.9110000","0.9006537"
"V913","0.912000","0.901383"
"V914","0.9130000","0.9021344"
"V915","0.9140000","0.9029078"
"V916","0.9150000","0.9037028"
"V917","0.9160000","0.9045193"
"V918","0.9170000","0.9053569"
"V919","0.9180000","0.9062153"
"V920","0.9190000","0.9070942"
"V921","0.9200000","0.9079933"
"V922","0.9210000","0.9089122"
"V923","0.9220000","0.9098506"
"V924","0.9230000","0.9108081"
"V925","0.9240000","0.9117844"
"V926","0.9250000","0.9127789"
"V927","0.9260000","0.9137913"
"V928","0.9270000","0.9148211"
"V929","0.928000","0.915868"
"V930","0.9290000","0.9169315"
"V931","0.930000","0.918011"
"V932","0.9310000","0.9191061"
"V933","0.9320000","0.9202163"
"V934","0.9330000","0.9213412"
"V935","0.9340000","0.9224801"
"V936","0.9350000","0.9236325"
"V937","0.9360000","0.9247979"
"V938","0.9370000","0.9259757"
"V939","0.9380000","0.9271657"
"V940","0.9390000","0.9283675"
"V941","0.9400000","0.9295803"
"V942","0.9410000","0.9308038"
"V943","0.9420000","0.9320372"
"V944","0.9430000","0.9332799"
"V945","0.9440000","0.9345315"
"V946","0.9450000","0.9357913"
"V947","0.9460000","0.9370587"
"V948","0.9470000","0.9383332"
"V949","0.9480000","0.9396142"
"V950","0.9490000","0.9409011"
"V951","0.9500000","0.9421934"
"V952","0.9510000","0.9434904"
"V953","0.9520000","0.9447917"
"V954","0.9530000","0.9460967"
"V955","0.9540000","0.9474047"
"V956","0.9550000","0.9487154"
"V957","0.956000","0.950028"
"V958","0.9570000","0.9513421"
"V959","0.9580000","0.9526571"
"V960","0.9590000","0.9539724"
"V961","0.9600000","0.9552875"
"V962","0.9610000","0.9566018"
"V963","0.9620000","0.9579149"
"V964","0.9630000","0.9592261"
"V965","0.9640000","0.9605348"
"V966","0.9650000","0.9618407"
"V967","0.966000","0.963143"
"V968","0.9670000","0.9644412"
"V969","0.9680000","0.9657347"
"V970","0.9690000","0.9670231"
"V971","0.9700000","0.9683057"
"V972","0.971000","0.969582"
"V973","0.9720000","0.9708513"
"V974","0.9730000","0.9721132"
"V975","0.9740000","0.9733669"
"V976","0.9750000","0.9746119"
"V977","0.9760000","0.9758476"
"V978","0.9770000","0.9770733"
"V979","0.9780000","0.9782884"
"V980","0.9790000","0.9794922"
"V981","0.980000","0.980684"
"V982","0.9810000","0.9818631"
"V983","0.982000","0.983029"
"V984","0.9830000","0.9841808"
"V985","0.9840000","0.9853178"
"V986","0.9850000","0.9864392"
"V987","0.9860000","0.9875439"
"V988","0.9870000","0.9886312"
"V989","0.9880000","0.9896997"
"V990","0.9890000","0.9907482"
"V991","0.9900000","0.9917754"
"V992","0.9910000","0.9927795"
"V993","0.9920000","0.9937585"
"V994","0.9930000","0.9947099"
"V995","0.9940000","0.9956307"
"V996","0.9950000","0.9965166"
"V997","0.9960000","0.9973621"
"V998","0.9970000","0.9981586"
"V999","0.9980000","0.9988919"
"V1000","0.9990000","0.9995338"
"V1001","1","1"
